shots,errors,discards,seconds,decoder,strong_id,json_metadata,custom_counts
2000000000,4475111,875189084,147119.5,SO3,dcf44578f19e6774742666fb356bcdfe9719b4f7dbf937e3b3eefbe9e31eeac7,"{""b"":""Y"",""c"":""rp2-e2e-d3"",""d2"":7,""latter_rounds"":4,""noise"":""uniform"",""p"":0.001,""f"":3,""base"":1}","{""C59"":584204983,""C58"":113680401,""C57"":76673882,""C21"":31638723,""C56"":30067259,""C23"":20948479,""C37"":19435804,""C20"":15530529,""C16"":13698053,""C17"":12971110,""C33"":9698770,""C36"":9375378,""C47"":8996609,""C55"":8933266,""C54"":8285454,""C35"":8272440,""C51"":7847471,""C31"":7768140,""C53"":7741338,""C18"":7262324,""C49"":6882191,""C34"":6846702,""C32"":6796253,""C45"":6754091,""C40"":6748240,""C52"":6655342,""C19"":6315848,""C22"":5805817,""C30"":5740362,""C46"":5415015,""C48"":4563141,""C24"":4554852,""C28"":4308463,""C50"":3706730,""C27"":3421953,""C43"":3023886,""C44"":2974514,""C2"":2789096,""C29"":2402479,""C1"":2299670,""C26"":2001443,""C39"":1716083,""C42"":1471275,""C15"":1447449,""C38"":1387835,""C4"":1253035,""C25"":1136702,""C14"":1042025,""C0"":937596,""C13"":841699,""C41"":801998,""C3"":731697,""C12"":708810,""C11"":678509,""E2"":666555,""C5"":659398,""C10"":611612,""C9"":532092,""E20"":484642,""C6"":458323,""C8"":449487,""C7"":433679,""E21"":353942,""E4"":293882,""E16"":268769,""E22"":233689,""E18"":233413,""E1"":226070,""E3"":200107,""E23"":144975,""E17"":144162,""E0"":122761,""E19"":113447,""E5"":106237,""E9"":85870,""E6"":79233,""E13"":74449,""E24"":71162,""E12"":67283,""E7"":66265,""E15"":60476,""E10"":54846,""E8"":54191,""E14"":53519,""E11"":50362,""E30"":31947,""E28"":26471,""E27"":12663,""E29"":9677,""E33"":9444,""E26"":8798,""E34"":8242,""E31"":6607,""E25"":6544,""E36"":5561,""E32"":5511,""E35"":3050,""E38"":2964,""E40"":2671,""E52"":2514,""E42"":2347,""E39"":2161,""E37"":2009,""E41"":1964,""E43"":1752,""E44"":1505,""E53"":1450,""E45"":1337,""E46"":1278,""E47"":1087,""E48"":928,""E50"":851,""E49"":788,""E51"":635,""E59"":605,""E54"":570,""E55"":376,""E56"":263,""E58"":119,""E57"":115}"
1000000000,1656461,461257857,503541.2,desaturation,4dee460d7aeb0c58a80d14b1db0d83c3a385952298b9a24db81346957b49bb02,"{""b"":""Y"",""c"":""gidney-e2e-d3"",""d1"":3,""d2"":15,""g"":""css"",""noise"":""uniform"",""p"":0.001,""q"":454,""r"":13,""r1"":3,""latter_rounds"":5,""f"":3,""base"":1}","{""C0"":124123,""C1"":310492,""C10"":588326,""C11"":316246,""C12"":395862,""C13"":505367,""C14"":475097,""C15"":531011,""C16"":532576,""C17"":675601,""C18"":766461,""C19"":835891,""C2"":175269,""C20"":4054713,""C21"":2906389,""C22"":1143173,""C23"":1024621,""C24"":1141053,""C25"":1031666,""C26"":1272262,""C27"":1209057,""C28"":8690638,""C29"":1680300,""C3"":222326,""C30"":1625307,""C31"":1552641,""C32"":1760210,""C33"":1834657,""C34"":10661351,""C35"":2442092,""C36"":2306155,""C37"":3073792,""C38"":3976986,""C39"":4115298,""C4"":419140,""C40"":15800301,""C41"":3068052,""C42"":6016749,""C43"":9840907,""C44"":12452535,""C45"":16344691,""C46"":10065508,""C47"":10258635,""C48"":7191807,""C49"":3091351,""C5"":280491,""C50"":9367204,""C51"":5300569,""C52"":4272845,""C53"":7158323,""C54"":5747643,""C55"":9215322,""C56"":2803588,""C57"":6641854,""C58"":7379820,""C59"":4758606,""C6"":241195,""C60"":7414719,""C61"":7693227,""C62"":9751474,""C63"":11408517,""C64"":12114886,""C65"":8553102,""C66"":9712649,""C67"":9737091,""C68"":12557917,""C69"":225419608,""C7"":362289,""C8"":335136,""C9"":350922,""E0"":84500,""E1"":261647,""E10"":66493,""E11"":38375,""E12"":30848,""E13"":35703,""E14"":24968,""E15"":24784,""E16"":22922,""E17"":19826,""E18"":19864,""E19"":17617,""E2"":91472,""E20"":43648,""E21"":45821,""E22"":12256,""E23"":9646,""E24"":8012,""E25"":6626,""E26"":7389,""E27"":7109,""E28"":20341,""E29"":4184,""E3"":147010,""E30"":3618,""E31"":2941,""E32"":2610,""E33"":2503,""E34"":10790,""E35"":1859,""E36"":1574,""E37"":1262,""E38"":2351,""E39"":2981,""E4"":177282,""E40"":4685,""E41"":662,""E42"":989,""E43"":1425,""E44"":1163,""E45"":1624,""E46"":674,""E47"":2055,""E48"":259,""E49"":158,""E5"":97278,""E50"":192,""E51"":105,""E52"":95,""E53"":116,""E54"":66,""E55"":86,""E56"":30,""E57"":76,""E58"":62,""E59"":30,""E6"":74172,""E60"":28,""E61"":30,""E62"":41,""E63"":40,""E64"":37,""E65"":26,""E66"":39,""E67"":20,""E68"":25,""E69"":299,""E7"":79538,""E8"":67592,""E9"":61912}"
1388976064,3138555,507205079,41588.5,pymatching-gap,52970b6b32bf058821c7cab181caae285f5f02c9ced62fe052395c6bd94912c9,"{""b"":""Y"",""c"":""e2eY-hookinj-g3-3ps1_mid7x3-ue13x0"",""dfinal"":13,""ghz_size"":3,""latter_rounds"":0,""middle_rounds"":3,""noise"":""uniform"",""p"":0.001,""prep"":""hookinj"",""ps3"":1,""f"":3,""base"":1,""ourbase"":1}","{""I0"":299435,""I1"":379847,""I10"":355217,""I11"":260217,""I12"":402289,""I13"":1596720,""I14"":1581620,""I15"":422926,""I16"":520314,""I17"":848253,""I18"":822776,""I19"":871377,""I2"":438844,""I20"":2548651,""I21"":8342160,""I22"":4162020,""I23"":6883242,""I24"":7055206,""I25"":1475995,""I26"":1377004,""I27"":3367327,""I28"":1331736,""I29"":3676657,""I3"":487327,""I30"":1510409,""I31"":23507802,""I32"":13605497,""I33"":2332497,""I34"":1219597,""I35"":1111778,""I36"":1757922,""I37"":1269598,""I38"":2542144,""I39"":1658371,""I4"":493053,""I40"":3206569,""I41"":2072126,""I42"":2187472,""I43"":4866710,""I44"":6936973,""I45"":16436974,""I46"":13314007,""I47"":18647683,""I48"":18045383,""I49"":8703277,""I5"":569351,""I50"":13913194,""I51"":17001389,""I52"":16687892,""I53"":16487937,""I54"":22076966,""I55"":3602785,""I56"":16832650,""I57"":1707526,""I58"":1719231,""I59"":2616979,""I6"":574299,""I60"":2323515,""I61"":3424585,""I62"":3085478,""I63"":5736372,""I64"":6869815,""I65"":4355511,""I66"":7551201,""I67"":4935308,""I68"":6305409,""I69"":7307318,""I7"":563809,""I70"":12366813,""I71"":9469567,""I72"":13811068,""I73"":9690776,""I74"":471141067,""I8"":523649,""I9"":447968,""X0"":216044,""X1"":329132,""X10"":55725,""X11"":41545,""X12"":61794,""X13"":32665,""X14"":56064,""X15"":28808,""X16"":37872,""X17"":25292,""X18"":30547,""X19"":27294,""X2"":287047,""X20"":69704,""X21"":162302,""X22"":78026,""X23"":63361,""X24"":85652,""X25"":15715,""X26"":8733,""X27"":24719,""X28"":6183,""X29"":25379,""X3"":276933,""X30"":5515,""X31"":34300,""X32"":13295,""X33"":2876,""X34"":1684,""X35"":1504,""X36"":2249,""X37"":1178,""X38"":1660,""X39"":1068,""X4"":217864,""X40"":1085,""X41"":870,""X42"":758,""X43"":1548,""X44"":1439,""X45"":1765,""X46"":1692,""X47"":1415,""X48"":1066,""X49"":625,""X5"":216827,""X50"":723,""X51"":450,""X52"":409,""X53"":294,""X54"":278,""X55"":60,""X56"":150,""X57"":32,""X58"":42,""X59"":27,""X6"":202133,""X60"":24,""X61"":46,""X62"":20,""X63"":31,""X64"":32,""X65"":23,""X66"":18,""X67"":18,""X68"":11,""X69"":15,""X7"":163936,""X70"":14,""X71"":10,""X72"":26,""X73"":15,""X74"":412,""X8"":133115,""X9"":77372}"
1000000000,2506534,296157116,35885.3,pymatching-gap,b6e2578879263d93319f96605b505ca8b9d7c19dce5001b18685cf59c1debaea,"{""b"":""Y"",""c"":""e2eY-optunit-g3-3ps1_mid7x3-ue13x0"",""dfinal"":13,""ghz_size"":3,""latter_rounds"":0,""middle_rounds"":3,""noise"":""uniform"",""p"":0.001,""prep"":""optunit"",""ps3"":1,""f"":3}","{""I0"":237598,""I1"":303847,""I10"":283576,""I11"":207635,""I12"":321770,""I13"":1273353,""I14"":1265436,""I15"":337341,""I16"":414954,""I17"":678726,""I18"":656371,""I19"":695951,""I2"":349699,""I20"":2036757,""I21"":6657606,""I22"":3322556,""I23"":5496125,""I24"":5632852,""I25"":1180091,""I26"":1100314,""I27"":2685210,""I28"":1064619,""I29"":2936179,""I3"":388213,""I30"":1205591,""I31"":18773218,""I32"":10863303,""I33"":1861992,""I34"":974860,""I35"":887261,""I36"":1406561,""I37"":1013317,""I38"":2027383,""I39"":1324015,""I4"":394046,""I40"":2561503,""I41"":1654814,""I42"":1742623,""I43"":3879733,""I44"":5532048,""I45"":13118039,""I46"":10628904,""I47"":14884937,""I48"":14403812,""I49"":6954181,""I5"":455485,""I50"":11099677,""I51"":13575214,""I52"":13317050,""I53"":13163592,""I54"":17622372,""I55"":2874334,""I56"":13447094,""I57"":1363536,""I58"":1374841,""I59"":2087238,""I6"":458964,""I60"":1855093,""I61"":2733915,""I62"":2460685,""I63"":4585320,""I64"":5483677,""I65"":3477308,""I66"":6023904,""I67"":3940664,""I68"":5030020,""I69"":5831905,""I7"":449978,""I70"":9874561,""I71"":7558506,""I72"":11031463,""I73"":7727823,""I74"":376039196,""I8"":416994,""I9"":357021,""X0"":171732,""X1"":261865,""X10"":45476,""X11"":32995,""X12"":48720,""X13"":26408,""X14"":44616,""X15"":22907,""X16"":30450,""X17"":20367,""X18"":24559,""X19"":21839,""X2"":229013,""X20"":55245,""X21"":129042,""X22"":63128,""X23"":50716,""X24"":68519,""X25"":12874,""X26"":7030,""X27"":20110,""X28"":4973,""X29"":20609,""X3"":221934,""X30"":4398,""X31"":27767,""X32"":10791,""X33"":2350,""X34"":1369,""X35"":1261,""X36"":1827,""X37"":956,""X38"":1409,""X39"":815,""X4"":174327,""X40"":849,""X41"":730,""X42"":582,""X43"":1193,""X44"":1209,""X45"":1394,""X46"":1363,""X47"":1151,""X48"":862,""X49"":494,""X5"":172196,""X50"":647,""X51"":384,""X52"":288,""X53"":253,""X54"":240,""X55"":60,""X56"":132,""X57"":32,""X58"":35,""X59"":37,""X6"":160821,""X60"":23,""X61"":28,""X62"":23,""X63"":37,""X64"":21,""X65"":14,""X66"":18,""X67"":20,""X68"":11,""X69"":15,""X7"":130584,""X70"":25,""X71"":12,""X72"":22,""X73"":5,""X74"":458,""X8"":106095,""X9"":61774}"
1000000000,2448103,311899699,35163.0,pymatching-gap,c7746eddce7ebb14f80399963ad528ad542663e61553934b801d7920d1cb1065,"{""b"":""Y"",""c"":""e2eY-unitstab-g3-3ps1_mid7x3-ue13x0"",""dfinal"":13,""ghz_size"":3,""latter_rounds"":0,""middle_rounds"":3,""noise"":""uniform"",""p"":0.001,""prep"":""unitstab"",""ps3"":1,""f"":3}","{""I0"":232621,""I1"":297423,""I10"":277188,""I11"":202910,""I12"":314476,""I13"":1244120,""I14"":1234656,""I15"":330718,""I16"":406462,""I17"":660954,""I18"":641628,""I19"":679082,""I2"":341113,""I20"":1988502,""I21"":6509745,""I22"":3246921,""I23"":5376033,""I24"":5506411,""I25"":1153335,""I26"":1073775,""I27"":2631838,""I28"":1039159,""I29"":2868995,""I3"":380375,""I30"":1176181,""I31"":18344980,""I32"":10612572,""I33"":1818651,""I34"":954149,""I35"":867737,""I36"":1371301,""I37"":989509,""I38"":1983299,""I39"":1295543,""I4"":385658,""I40"":2502322,""I41"":1620318,""I42"":1704890,""I43"":3794522,""I44"":5410022,""I45"":12825036,""I46"":10389894,""I47"":14560643,""I48"":14077168,""I49"":6797021,""I5"":445774,""I50"":10848874,""I51"":13275187,""I52"":13019602,""I53"":12871885,""I54"":17221782,""I55"":2813438,""I56"":13141142,""I57"":1334046,""I58"":1343484,""I59"":2040945,""I6"":448934,""I60"":1813660,""I61"":2672655,""I62"":2406380,""I63"":4478081,""I64"":5361305,""I65"":3398292,""I66"":5895945,""I67"":3855014,""I68"":4921812,""I69"":5704123,""I7"":441951,""I70"":9657172,""I71"":7393699,""I72"":10778093,""I73"":7561450,""I74"":367629508,""I8"":408832,""I9"":349277,""X0"":168232,""X1"":255703,""X10"":43864,""X11"":32479,""X12"":48096,""X13"":25731,""X14"":43225,""X15"":22170,""X16"":29383,""X17"":19981,""X18"":24072,""X19"":21308,""X2"":224126,""X20"":54157,""X21"":126319,""X22"":61660,""X23"":49438,""X24"":66893,""X25"":12368,""X26"":6857,""X27"":19457,""X28"":4872,""X29"":20072,""X3"":216065,""X30"":4296,""X31"":26848,""X32"":10379,""X33"":2257,""X34"":1293,""X35"":1180,""X36"":1790,""X37"":888,""X38"":1366,""X39"":884,""X4"":169716,""X40"":819,""X41"":703,""X42"":552,""X43"":1202,""X44"":1069,""X45"":1350,""X46"":1272,""X47"":1063,""X48"":819,""X49"":476,""X5"":168519,""X50"":609,""X51"":367,""X52"":294,""X53"":231,""X54"":233,""X55"":53,""X56"":106,""X57"":27,""X58"":24,""X59"":24,""X6"":157183,""X60"":27,""X61"":28,""X62"":18,""X63"":24,""X64"":19,""X65"":20,""X66"":18,""X67"":16,""X68"":7,""X69"":17,""X7"":127885,""X70"":12,""X71"":12,""X72"":19,""X73"":12,""X74"":336,""X8"":104247,""X9"":60966}"
1000000000,2073788,418069363,26438.1,pymatching-gap,189ff2e58003eb3e64bd1dcf0a44a44525e2b5dbc80be37ac2c2b44b3c42f9e9,"{""b"":""Y"",""c"":""e2eY-hookinj-g5-3ps1_mid7x3-ue13x0"",""dfinal"":13,""ghz_size"":5,""latter_rounds"":0,""middle_rounds"":3,""noise"":""uniform"",""p"":0.001,""prep"":""hookinj"",""ps3"":1,""f"":3}","{""I0"":197571,""I1"":251481,""I10"":235286,""I11"":171380,""I12"":265828,""I13"":1053197,""I14"":1044658,""I15"":277768,""I16"":342459,""I17"":559482,""I18"":543157,""I19"":574831,""I2"":288911,""I20"":1683533,""I21"":5505663,""I22"":2742650,""I23"":4546273,""I24"":4659645,""I25"":974375,""I26"":907936,""I27"":2220265,""I28"":878616,""I29"":2423519,""I3"":321056,""I30"":995518,""I31"":15511307,""I32"":8977348,""I33"":1537914,""I34"":805580,""I35"":733460,""I36"":1160305,""I37"":835580,""I38"":1677446,""I39"":1096578,""I4"":325903,""I40"":2115943,""I41"":1368041,""I42"":1443726,""I43"":3209942,""I44"":4576045,""I45"":10845539,""I46"":8787769,""I47"":12309140,""I48"":11902164,""I49"":5751405,""I5"":376706,""I50"":9181410,""I51"":11220367,""I52"":11012170,""I53"":10884423,""I54"":14575420,""I55"":2379352,""I56"":11105964,""I57"":1129545,""I58"":1136805,""I59"":1726206,""I6"":379558,""I60"":1532624,""I61"":2261159,""I62"":2036151,""I63"":3786487,""I64"":4535322,""I65"":2872314,""I66"":4984314,""I67"":3266159,""I68"":4158534,""I69"":4822991,""I7"":373430,""I70"":8164696,""I71"":6246571,""I72"":9116542,""I73"":6396834,""I74"":310916246,""I8"":346273,""I9"":296083,""X0"":142022,""X1"":218056,""X10"":37010,""X11"":27270,""X12"":40626,""X13"":21818,""X14"":36915,""X15"":19045,""X16"":25024,""X17"":16967,""X18"":20404,""X19"":18058,""X2"":190298,""X20"":45723,""X21"":106915,""X22"":52004,""X23"":41382,""X24"":56890,""X25"":10427,""X26"":5852,""X27"":16670,""X28"":4273,""X29"":17073,""X3"":182750,""X30"":3596,""X31"":22737,""X32"":8639,""X33"":1918,""X34"":1061,""X35"":1059,""X36"":1515,""X37"":756,""X38"":1145,""X39"":705,""X4"":143460,""X40"":727,""X41"":592,""X42"":506,""X43"":1003,""X44"":955,""X45"":1174,""X46"":1090,""X47"":925,""X48"":701,""X49"":387,""X5"":141909,""X50"":558,""X51"":299,""X52"":238,""X53"":233,""X54"":188,""X55"":43,""X56"":100,""X57"":26,""X58"":19,""X59"":26,""X6"":133588,""X60"":13,""X61"":22,""X62"":15,""X63"":24,""X64"":26,""X65"":9,""X66"":16,""X67"":12,""X68"":9,""X69"":5,""X7"":108941,""X70"":14,""X71"":6,""X72"":12,""X73"":12,""X74"":255,""X8"":87736,""X9"":51311}"
1000000000,2221777,365135990,39539.5,pymatching-gap,23066d01efb503d6614e9b15cb3d81d93c986ad0c1d2ef771ecfba918984d72d,"{""b"":""Y"",""c"":""e2eY-hookinj-g3-3ps1_stabe13x3"",""dfinal"":13,""ghz_size"":3,""latter_rounds"":3,""noise"":""uniform"",""p"":0.001,""prep"":""hookinj"",""ps3"":1,""f"":3}","{""I0"":207228,""I1"":267689,""I10"":246865,""I11"":175315,""I12"":278111,""I13"":1143131,""I14"":1138519,""I15"":288784,""I16"":375599,""I17"":610569,""I18"":552227,""I19"":604752,""I2"":306424,""I20"":1810926,""I21"":6079863,""I22"":3002222,""I23"":4913917,""I24"":5018994,""I25"":1015327,""I26"":967015,""I27"":2282382,""I28"":1064656,""I29"":2659824,""I3"":362814,""I30"":996706,""I31"":16983739,""I32"":9717527,""I33"":1765787,""I34"":868807,""I35"":661424,""I36"":1239491,""I37"":916539,""I38"":1812400,""I39"":1475926,""I4"":364764,""I40"":2321202,""I41"":1067105,""I42"":2168000,""I43"":3551659,""I44"":5002383,""I45"":11185782,""I46"":9661537,""I47"":14886283,""I48"":13386818,""I49"":6379896,""I5"":416755,""I50"":8573701,""I51"":10223231,""I52"":11368777,""I53"":12294119,""I54"":20608720,""I55"":1406684,""I56"":10141627,""I57"":1161569,""I58"":1267764,""I59"":5285686,""I6"":397846,""I60"":1617901,""I61"":2711484,""I62"":2272207,""I63"":4046447,""I64"":2596117,""I65"":3181775,""I66"":5819184,""I67"":3086621,""I68"":7919012,""I69"":4518620,""I7"":409770,""I70"":9138247,""I71"":11377618,""I72"":7891950,""I73"":5939237,""I74"":334458882,""I8"":387884,""I9"":335870,""X0"":146620,""X1"":229885,""X10"":39147,""X11"":27697,""X12"":41986,""X13"":23402,""X14"":39751,""X15"":19439,""X16"":26354,""X17"":17927,""X18"":20682,""X19"":19397,""X2"":204934,""X20"":49392,""X21"":116846,""X22"":56588,""X23"":44540,""X24"":60677,""X25"":10891,""X26"":5897,""X27"":17100,""X28"":4562,""X29"":18264,""X3"":205996,""X30"":3450,""X31"":24924,""X32"":9344,""X33"":2093,""X34"":1140,""X35"":833,""X36"":1543,""X37"":745,""X38"":1044,""X39"":714,""X4"":157924,""X40"":731,""X41"":530,""X42"":557,""X43"":991,""X44"":988,""X45"":1195,""X46"":1142,""X47"":1095,""X48"":710,""X49"":385,""X5"":147265,""X50"":471,""X51"":298,""X52"":236,""X53"":211,""X54"":247,""X55"":34,""X56"":72,""X57"":31,""X58"":21,""X59"":46,""X6"":140309,""X60"":17,""X61"":16,""X62"":9,""X63"":24,""X64"":16,""X65"":7,""X66"":10,""X67"":11,""X68"":11,""X69"":5,""X7"":116878,""X70"":12,""X71"":15,""X72"":7,""X73"":6,""X74"":265,""X8"":99087,""X9"":56088}"
1000000000,477709,473957873,33725.1,pymatching-gap,d6371b4f9117d67dd94d59c728aca0210b291b58d75284bcd4aa740d1eca7556,"{""b"":""Y"",""c"":""e2eY-hookinj-g3-3ps0_mid7x3-ue13x0"",""dfinal"":13,""ghz_size"":3,""latter_rounds"":0,""middle_rounds"":3,""noise"":""uniform"",""p"":0.001,""prep"":""hookinj"",""ps3"":0,""f"":3}","{""I0"":33365,""I1"":86507,""I10"":84901,""I100"":6186862,""I101"":7476066,""I102"":11856627,""I103"":6397158,""I104"":3569163,""I105"":2143939,""I106"":2536065,""I107"":175700097,""I11"":99166,""I12"":176528,""I13"":118413,""I14"":145297,""I15"":197786,""I16"":184597,""I17"":217790,""I18"":486954,""I19"":628015,""I2"":44640,""I20"":276743,""I21"":264961,""I22"":428205,""I23"":423064,""I24"":472410,""I25"":1056290,""I26"":1394880,""I27"":733076,""I28"":451492,""I29"":623697,""I3"":49980,""I30"":629594,""I31"":531731,""I32"":861592,""I33"":903543,""I34"":709213,""I35"":623569,""I36"":702656,""I37"":703694,""I38"":792051,""I39"":911571,""I4"":52773,""I40"":666669,""I41"":881911,""I42"":956022,""I43"":856074,""I44"":1039330,""I45"":834213,""I46"":1189375,""I47"":1644216,""I48"":1689129,""I49"":1662741,""I5"":53716,""I50"":1326110,""I51"":3916000,""I52"":1496795,""I53"":1800780,""I54"":1946371,""I55"":1812901,""I56"":2308681,""I57"":6545335,""I58"":4012195,""I59"":2052168,""I6"":71280,""I60"":1964827,""I61"":2657551,""I62"":2355897,""I63"":6594880,""I64"":2780623,""I65"":7676737,""I66"":6245145,""I67"":5744056,""I68"":3278157,""I69"":17517951,""I7"":103107,""I70"":21381874,""I71"":7168989,""I72"":15086258,""I73"":6099063,""I74"":8281186,""I75"":3759317,""I76"":6925171,""I77"":14801392,""I78"":7454085,""I79"":4881833,""I8"":96944,""I80"":6866243,""I81"":4411970,""I82"":3876144,""I83"":8056903,""I84"":5417427,""I85"":4266740,""I86"":4261928,""I87"":7822719,""I88"":7093697,""I89"":5568577,""I9"":69640,""I90"":2578229,""I91"":2780309,""I92"":8234787,""I93"":1459753,""I94"":3329871,""I95"":5846982,""I96"":5427638,""I97"":4471987,""I98"":6022549,""I99"":4116549,""X0"":40822,""X1"":34609,""X10"":14560,""X100"":5,""X101"":4,""X102"":6,""X103"":6,""X104"":3,""X105"":2,""X107"":148,""X11"":15150,""X12"":17971,""X13"":11506,""X14"":10637,""X15"":8875,""X16"":8530,""X17"":10278,""X18"":17526,""X19"":16943,""X2"":31495,""X20"":7461,""X21"":6759,""X22"":7390,""X23"":5853,""X24"":5968,""X25"":11573,""X26"":12039,""X27"":4891,""X28"":3376,""X29"":2456,""X3"":29431,""X30"":2609,""X31"":1996,""X32"":2757,""X33"":2103,""X34"":1656,""X35"":1278,""X36"":972,""X37"":837,""X38"":843,""X39"":770,""X4"":26646,""X40"":541,""X41"":433,""X42"":595,""X43"":647,""X44"":1007,""X45"":367,""X46"":300,""X47"":358,""X48"":262,""X49"":295,""X5"":21946,""X50"":176,""X51"":241,""X52"":121,""X53"":127,""X54"":130,""X55"":106,""X56"":102,""X57"":130,""X58"":73,""X59"":44,""X6"":18937,""X60"":50,""X61"":51,""X62"":37,""X63"":96,""X64"":36,""X65"":111,""X66"":84,""X67"":46,""X68"":21,""X69"":70,""X7"":19575,""X70"":101,""X71"":15,""X72"":37,""X73"":17,""X74"":20,""X75"":7,""X76"":50,""X77"":22,""X78"":12,""X79"":9,""X8"":17298,""X80"":9,""X81"":4,""X82"":2,""X83"":7,""X84"":3,""X85"":6,""X86"":1,""X87"":6,""X88"":7,""X89"":5,""X9"":14186,""X91"":2,""X92"":7,""X93"":1,""X95"":4,""X96"":6,""X97"":1,""X98"":6,""X99"":3}"
100000000,325576,32997873,1890.0,pymatching-gap,5b775cc934f840bfed28bcfc5725246e673b78c955e38bda61fcf28527a86b36,"{""b"":""Y"",""c"":""e2eY-hookinj-g3-3ps2-stabe13x3"",""dfinal"":13,""ghz_size"":3,""latter_rounds"":3,""noise"":""uniform"",""p"":0.001,""ps3"":2,""f"":3}","{""I0"":11165,""I1"":29691,""I10"":73637,""I11"":23473,""I12"":70529,""I13"":49274,""I14"":213846,""I15"":373279,""I16"":600118,""I17"":246054,""I18"":656265,""I19"":719996,""I2"":24525,""I20"":1244630,""I21"":686555,""I22"":1310847,""I23"":993199,""I24"":507345,""I25"":64532,""I26"":550000,""I27"":107153,""I28"":72467,""I29"":1257870,""I3"":38919,""I30"":625978,""I31"":55178,""I32"":529761,""I33"":162303,""I34"":121739,""I35"":1079139,""I36"":145469,""I37"":598565,""I38"":542210,""I39"":723369,""I4"":51552,""I40"":538477,""I41"":682091,""I42"":858927,""I43"":892615,""I44"":593140,""I45"":1664471,""I46"":800891,""I47"":501475,""I48"":498085,""I49"":242917,""I5"":44195,""I50"":411748,""I51"":678033,""I52"":376854,""I53"":262964,""I54"":865764,""I55"":113665,""I56"":412635,""I57"":327155,""I58"":59794,""I59"":375285,""I6"":40545,""I60"":40650551,""I7"":40217,""I8"":83276,""I9"":100149,""X0"":13192,""X1"":22769,""X10"":9246,""X11"":2920,""X12"":5839,""X13"":4815,""X14"":8479,""X15"":15936,""X16"":30669,""X17"":4972,""X18"":13698,""X19"":13576,""X2"":18021,""X20"":16200,""X21"":4375,""X22"":15800,""X23"":4860,""X24"":2728,""X25"":250,""X26"":1160,""X27"":288,""X28"":219,""X29"":1676,""X3"":22102,""X30"":677,""X31"":81,""X32"":427,""X33"":84,""X34"":82,""X35"":255,""X36"":47,""X37"":111,""X38"":95,""X39"":87,""X4"":22448,""X40"":91,""X41"":60,""X42"":55,""X43"":78,""X44"":28,""X45"":77,""X46"":23,""X47"":16,""X48"":5,""X5"":14685,""X50"":3,""X51"":12,""X52"":3,""X53"":4,""X54"":3,""X56"":2,""X57"":1,""X58"":1,""X6"":9647,""X60"":63,""X7"":12513,""X8"":16699,""X9"":13323}"
1000000000,1455376,384562427,47326.8,pymatching-gap,3bb8a016e269417afc4532ec07b5c8be4f98fc6f013513885dc43dbe50ab1623,"{""b"":""Y"",""c"":""e2eY-optunit-g3-3ps1_mid7x3-ue13x0-NACi100l5"",""dfinal"":13,""ghz_size"":3,""latter_rounds"":0,""middle_rounds"":3,""noise"":""neutralatom"",""p"":0.001,""prep"":""optunit"",""ps3"":1,""f"":3}","{""I0"":59800,""I1"":165562,""I10"":522564,""I11"":215483,""I12"":574099,""I13"":242874,""I14"":267151,""I15"":635691,""I16"":357152,""I17"":382220,""I18"":453099,""I19"":468090,""I2"":281824,""I20"":596476,""I21"":1066239,""I22"":873219,""I23"":1141922,""I24"":2605196,""I25"":1002676,""I26"":4411811,""I27"":2528331,""I28"":1070722,""I29"":1007526,""I3"":221742,""I30"":1104096,""I31"":1132971,""I32"":6054248,""I33"":2014267,""I34"":1606089,""I35"":4807669,""I36"":2052694,""I37"":3023136,""I38"":3344331,""I39"":1602263,""I4"":221090,""I40"":1979770,""I41"":2100870,""I42"":1946797,""I43"":2257360,""I44"":2970673,""I45"":3256873,""I46"":3357461,""I47"":3428351,""I48"":2723206,""I49"":4154051,""I5"":196503,""I50"":4842226,""I51"":7211443,""I52"":6180303,""I53"":8041185,""I54"":8235047,""I55"":9480833,""I56"":16237199,""I57"":13026018,""I58"":4869863,""I59"":10886512,""I6"":217944,""I60"":5683030,""I61"":8408830,""I62"":9950036,""I63"":5345626,""I64"":8795050,""I65"":6339628,""I66"":5929394,""I67"":8841569,""I68"":9530276,""I69"":7223798,""I7"":203320,""I70"":11026510,""I71"":7215408,""I72"":5456662,""I73"":6001580,""I74"":6154675,""I75"":8673244,""I76"":6022903,""I77"":6932958,""I78"":5368117,""I79"":6958683,""I8"":213086,""I80"":9915389,""I81"":7528548,""I82"":5614312,""I83"":6550201,""I84"":272108556,""I9"":275997,""X0"":58859,""X1"":144181,""X10"":38618,""X11"":34804,""X12"":33699,""X13"":28248,""X14"":24358,""X15"":24675,""X16"":20938,""X17"":22761,""X18"":21652,""X19"":19207,""X2"":176304,""X20"":19843,""X21"":26279,""X22"":17801,""X23"":17288,""X24"":26510,""X25"":11856,""X26"":33881,""X27"":12955,""X28"":6847,""X29"":5683,""X3"":123160,""X30"":5062,""X31"":4295,""X32"":12771,""X33"":4315,""X34"":3381,""X35"":6168,""X36"":2944,""X37"":3760,""X38"":3590,""X39"":3053,""X4"":117332,""X40"":1278,""X41"":1207,""X42"":1092,""X43"":1062,""X44"":1627,""X45"":972,""X46"":1555,""X47"":790,""X48"":658,""X49"":691,""X5"":83291,""X50"":612,""X51"":671,""X52"":471,""X53"":432,""X54"":361,""X55"":338,""X56"":404,""X57"":236,""X58"":126,""X59"":170,""X6"":83586,""X60"":96,""X61"":99,""X62"":106,""X63"":79,""X64"":112,""X65"":73,""X66"":70,""X67"":75,""X68"":70,""X69"":64,""X7"":59169,""X70"":51,""X71"":39,""X72"":24,""X73"":19,""X74"":25,""X75"":31,""X76"":25,""X77"":20,""X78"":15,""X79"":26,""X8"":48446,""X80"":25,""X81"":18,""X82"":12,""X83"":11,""X84"":583,""X9"":47285}"
1619460032,1439286,445710918,75612.6,pymatching-gap,83ae720e0695c5d22d12960e08e058588b7e4e64684f08103c32dd84fc159d47,"{""b"":""Y"",""c"":""e2eY-optunit-g3-3ps1_mid7x3-ue13x0-NACi100l2"",""dfinal"":13,""f"":3,""ghz_size"":3,""latter_rounds"":0,""middle_rounds"":3,""noise"":""neutralatom"",""p"":0.001,""prep"":""optunit"",""ps3"":1}","{""I0"":47754,""I1"":169191,""I10"":764939,""I11"":168545,""I12"":820696,""I13"":175575,""I14"":192181,""I15"":869556,""I16"":270381,""I17"":254458,""I18"":361516,""I19"":318255,""I2"":368899,""I20"":441578,""I21"":1096672,""I22"":621266,""I23"":1236039,""I24"":3870912,""I25"":853656,""I26"":7326356,""I27"":3868645,""I28"":1177234,""I29"":1194059,""I3"":268456,""I30"":1167116,""I31"":1206899,""I32"":10464033,""I33"":2688413,""I34"":1976685,""I35"":8134568,""I36"":2663512,""I37"":4374951,""I38"":4617937,""I39"":1067224,""I4"":247751,""I40"":1786665,""I41"":1776622,""I42"":1231990,""I43"":1310998,""I44"":2844930,""I45"":3011509,""I46"":3329553,""I47"":3770792,""I48"":1905465,""I49"":4656277,""I5"":203457,""I50"":5726255,""I51"":10694809,""I52"":8429510,""I53"":12544607,""I54"":13591871,""I55"":16025233,""I56"":29556248,""I57"":22728086,""I58"":6614419,""I59"":16384289,""I6"":225748,""I60"":10487164,""I61"":13757203,""I62"":17103436,""I63"":6061935,""I64"":12240701,""I65"":8196451,""I66"":3770966,""I67"":7033979,""I68"":10398578,""I69"":5256251,""I7"":175473,""I70"":13061436,""I71"":6864577,""I72"":3863805,""I73"":6291018,""I74"":7302685,""I75"":8362899,""I76"":5957103,""I77"":9778892,""I78"":15167097,""I79"":12572405,""I8"":191432,""I80"":20483692,""I81"":15976076,""I82"":9701697,""I83"":7645445,""I84"":700610739,""I9"":301452,""X0"":51773,""X1"":150057,""X10"":32149,""X11"":32407,""X12"":30634,""X13"":24673,""X14"":19032,""X15"":22479,""X16"":11933,""X17"":16119,""X18"":17329,""X19"":13964,""X2"":218223,""X20"":14516,""X21"":22530,""X22"":10822,""X23"":14873,""X24"":31303,""X25"":8590,""X26"":50311,""X27"":14611,""X28"":5675,""X29"":5072,""X3"":129840,""X30"":3895,""X31"":3570,""X32"":17470,""X33"":4316,""X34"":2981,""X35"":6229,""X36"":2960,""X37"":2916,""X38"":2803,""X39"":3438,""X4"":132600,""X40"":664,""X41"":618,""X42"":532,""X43"":502,""X44"":1789,""X45"":362,""X46"":1553,""X47"":366,""X48"":283,""X49"":396,""X5"":79750,""X50"":370,""X51"":537,""X52"":368,""X53"":322,""X54"":341,""X55"":384,""X56"":480,""X57"":213,""X58"":57,""X59"":169,""X6"":85870,""X60"":93,""X61"":90,""X62"":71,""X63"":34,""X64"":58,""X65"":34,""X66"":12,""X67"":19,""X68"":31,""X69"":6,""X7"":48364,""X70"":19,""X71"":11,""X72"":6,""X73"":9,""X74"":12,""X75"":14,""X76"":14,""X77"":9,""X78"":10,""X79"":14,""X8"":38332,""X80"":14,""X81"":14,""X82"":5,""X83"":4,""X84"":365,""X9"":43603}"
1000000000000,27230581,948139000000,130188883.9,desaturation,ba7b7dbb74421df2ad13bd69a9662bb5867fc7787e225cf601996b55c1068bb6,"{""b"":""Y"",""c"":""gidney-e2e-d5"",""f"":5,""d2"":15,""g"":""css"",""noise"":""uniform"",""p"":0.001,""q"":463,""r"":20,""r1"":5,""r2"":5,""base"":1}","{""C0"":1224031,""C1"":3063977,""C10"":6439035,""C100"":503412599,""C101"":610218382,""C102"":589531983,""C103"":687367928,""C104"":666198263,""C105"":482330718,""C106"":554114647,""C107"":459149723,""C108"":613255687,""C109"":916823361,""C11"":5898962,""C110"":295163290,""C111"":527689977,""C112"":462805161,""C113"":392084943,""C114"":529900493,""C115"":331583738,""C116"":5072794333,""C12"":6428142,""C13"":7870340,""C14"":8218253,""C15"":9120363,""C16"":10448659,""C17"":9715126,""C18"":12680593,""C19"":13463813,""C2"":2748163,""C20"":19720312,""C21"":23049145,""C22"":19825119,""C23"":18877648,""C24"":20076135,""C25"":21553560,""C26"":26713682,""C27"":30876110,""C28"":44264460,""C29"":42260360,""C3"":3904130,""C30"":30396740,""C31"":31989278,""C32"":39659664,""C33"":37536441,""C34"":56788243,""C35"":52365567,""C36"":54329429,""C37"":67514579,""C38"":69741826,""C39"":73514234,""C4"":3678681,""C40"":100976653,""C41"":89744259,""C42"":91433862,""C43"":119305814,""C44"":114767162,""C45"":157522110,""C46"":156262297,""C47"":174069624,""C48"":154885327,""C49"":141940231,""C5"":4256707,""C50"":175525530,""C51"":186475976,""C52"":185112879,""C53"":220710013,""C54"":219207380,""C55"":218803159,""C56"":210528752,""C57"":275211727,""C58"":233015794,""C59"":304014666,""C6"":4113423,""C60"":261715916,""C61"":309257934,""C62"":330316778,""C63"":337755895,""C64"":404695959,""C65"":366162655,""C66"":382413208,""C67"":406200060,""C68"":618053374,""C69"":1287248489,""C7"":4524264,""C70"":1257981139,""C71"":741086498,""C72"":1060084418,""C73"":817074463,""C74"":435882457,""C75"":716300852,""C76"":971383543,""C77"":1077430443,""C78"":814595099,""C79"":980223287,""C8"":5283242,""C80"":842811273,""C81"":510175148,""C82"":467580571,""C83"":842762844,""C84"":738492104,""C85"":891511965,""C86"":1629855363,""C87"":1266765186,""C88"":1736073911,""C89"":883566350,""C9"":5358337,""C90"":562454174,""C91"":1054275190,""C92"":1289574302,""C93"":1247069409,""C94"":1431830297,""C95"":1367666181,""C96"":978574255,""C97"":988633386,""C98"":580255603,""C99"":814970103,""E0"":1150183,""E1"":2719948,""E10"":1027764,""E100"":2,""E101"":7,""E102"":4,""E103"":1,""E106"":1,""E107"":2,""E108"":2,""E109"":1,""E11"":785305,""E110"":1,""E111"":1,""E112"":1,""E115"":1,""E116"":2,""E12"":647381,""E13"":587115,""E14"":509027,""E15"":542372,""E16"":428563,""E17"":375510,""E18"":390121,""E19"":345145,""E2"":2006345,""E20"":436428,""E21"":368352,""E22"":278850,""E23"":244990,""E24"":214193,""E25"":231550,""E26"":210677,""E27"":204775,""E28"":197874,""E29"":197571,""E3"":1833379,""E30"":485268,""E31"":178285,""E32"":409836,""E33"":83210,""E34"":112285,""E35"":84169,""E36"":67928,""E37"":57588,""E38"":49509,""E39"":333794,""E4"":1682914,""E40"":42765,""E41"":40415,""E42"":65473,""E43"":33303,""E44"":30038,""E45"":78527,""E46"":39342,""E47"":22571,""E48"":15723,""E49"":115272,""E5"":1534924,""E50"":12431,""E51"":12078,""E52"":9806,""E53"":7580,""E54"":7245,""E55"":6332,""E56"":7861,""E57"":7695,""E58"":7032,""E59"":3412,""E6"":1351797,""E60"":4286,""E61"":4682,""E62"":3201,""E63"":3104,""E64"":2706,""E65"":2399,""E66"":1407,""E67"":1891,""E68"":2323,""E69"":2313,""E7"":1485364,""E70"":1899,""E71"":1860,""E72"":1920,""E73"":1316,""E74"":610,""E75"":385,""E76"":495,""E77"":369,""E78"":336,""E79"":542,""E8"":1693649,""E80"":278,""E81"":193,""E82"":188,""E83"":175,""E84"":137,""E85"":595,""E86"":209,""E87"":327,""E88"":87,""E89"":66,""E9"":1080654,""E90"":60,""E91"":368,""E92"":207,""E93"":24,""E94"":28,""E95"":17,""E96"":12,""E97"":25,""E98"":5,""E99"":17}"
642700000000,95540813,564026384674,42085645.0,SO5,7b6e6f61090cd0688b77bb5f6a946055b18a2b754d1ccbc5b605a5b4ad2af651,"{""b"":""Y"",""c"":""rp2-e2e-d5"",""f"":5,""d2"":11,""g"":""css"",""noise"":""uniform"",""p"":0.001,""base"":1}","{""C0"":8218667,""C1"":5202924,""C10"":13509974,""C100"":849348803,""C101"":1526329770,""C102"":2672773265,""C103"":2726953082,""C104"":3536645301,""C105"":5466144954,""C106"":20771381274,""C11"":13557590,""C12"":13740095,""C13"":13903154,""C14"":21205119,""C15"":30472495,""C16"":32885308,""C17"":36742758,""C18"":54538207,""C19"":56540843,""C2"":5338035,""C20"":66077846,""C21"":68811973,""C22"":91296538,""C23"":184122720,""C24"":142686855,""C25"":148519863,""C26"":199756417,""C27"":153545420,""C28"":154659194,""C29"":154520619,""C3"":25538437,""C30"":89660691,""C31"":112957408,""C32"":118784359,""C33"":129426284,""C34"":103694566,""C35"":121491639,""C36"":133937168,""C37"":101056344,""C38"":79053474,""C39"":108669496,""C4"":8122348,""C40"":152732688,""C41"":130484538,""C42"":191388687,""C43"":168521101,""C44"":171274282,""C45"":186968163,""C46"":224094994,""C47"":214968840,""C48"":187491668,""C49"":231776514,""C5"":11412479,""C50"":183333738,""C51"":193726511,""C52"":213712643,""C53"":190506067,""C54"":202072710,""C55"":204231158,""C56"":266900038,""C57"":622948666,""C58"":207324775,""C59"":293353935,""C6"":9668515,""C60"":245813369,""C61"":331688379,""C62"":577592806,""C63"":456617360,""C64"":841325884,""C65"":2881253627,""C66"":1649895036,""C67"":2201608011,""C68"":1086507066,""C69"":1456999214,""C7"":8438986,""C70"":1052117290,""C71"":661942683,""C72"":1655056845,""C73"":1166194057,""C74"":846099239,""C75"":992039182,""C76"":411732768,""C77"":794518516,""C78"":373415055,""C79"":791162234,""C8"":11140211,""C80"":933711999,""C81"":386587561,""C82"":584262169,""C83"":757901092,""C84"":1072319275,""C85"":774557275,""C86"":857858035,""C87"":511774693,""C88"":617739742,""C89"":707131327,""C9"":11868673,""C90"":621275197,""C91"":585517141,""C92"":508236685,""C93"":608530005,""C94"":569800626,""C95"":493233711,""C96"":405516998,""C97"":702912802,""C98"":670009159,""C99"":893458543,""E0"":941566,""E1"":838882,""E10"":2780299,""E100"":6,""E101"":1,""E102"":2,""E103"":2,""E104"":1,""E105"":3,""E106"":5,""E11"":2581589,""E12"":2446488,""E13"":2108800,""E14"":2769728,""E15"":2272898,""E16"":2110049,""E17"":1989167,""E18"":2776641,""E19"":2320498,""E2"":852444,""E20"":3289718,""E21"":3242667,""E22"":5662089,""E23"":5052960,""E24"":4117336,""E25"":5894870,""E26"":5578489,""E27"":3218047,""E28"":3269884,""E29"":2352177,""E3"":2519362,""E30"":1082242,""E31"":1150994,""E32"":995346,""E33"":788694,""E34"":559758,""E35"":675608,""E36"":608506,""E37"":378717,""E38"":258274,""E39"":310356,""E4"":2150667,""E40"":323740,""E41"":501117,""E42"":291848,""E43"":190378,""E44"":177668,""E45"":313766,""E46"":116592,""E47"":195546,""E48"":104637,""E49"":77487,""E5"":3287326,""E50"":35258,""E51"":42937,""E52"":31418,""E53"":18827,""E54"":15460,""E55"":12457,""E56"":26224,""E57"":10737,""E58"":7632,""E59"":8567,""E6"":2404175,""E60"":8044,""E61"":8181,""E62"":9036,""E63"":9009,""E64"":10619,""E65"":12981,""E66"":10403,""E67"":9717,""E68"":3113,""E69"":3725,""E7"":2148488,""E70"":4008,""E71"":850,""E72"":2067,""E73"":883,""E74"":949,""E75"":839,""E76"":485,""E77"":1279,""E78"":262,""E79"":243,""E8"":2720609,""E80"":293,""E81"":136,""E82"":144,""E83"":113,""E84"":163,""E85"":109,""E86"":94,""E87"":71,""E88"":54,""E89"":60,""E9"":2433794,""E90"":62,""E91"":48,""E92"":76,""E93"":36,""E94"":45,""E95"":52,""E96"":20,""E97"":14,""E98"":5,""E99"":7}"
1000000000,   1350567, 365132030,  6161.1,pymatching-gap,8705fd84805a15aa7898671fec86f85824def8b6c487c3a25b6d065f10cba148,"{""b"":""Y"",""c"":""e2eY-hookinj-g3-3ps1-ue9x0"",""d2"":9,""f"":3,""ghz_size"":3,""latter_rounds"":0,""noise"":""uniform"",""p"":0.001}","{""I0"":103176,""I1"":151948,""I10"":69366,""I11"":31242,""I12"":38196,""I13"":53328,""I14"":1022885,""I15"":54336,""I16"":1090744,""I17"":105877,""I18"":129610,""I19"":155504,""I2"":183603,""I20"":214250,""I21"":4378971,""I22"":2781647,""I23"":6318715,""I24"":2191911,""I25"":4406083,""I26"":1802402,""I27"":337476,""I28"":344861,""I29"":4798703,""I3"":221470,""I30"":12025010,""I31"":9379808,""I32"":210274,""I33"":167759,""I34"":94141,""I35"":96522,""I36"":83481,""I37"":152797,""I38"":94909,""I39"":111880,""I4"":397174,""I40"":167461,""I41"":182694,""I42"":164793,""I43"":1083026,""I44"":3917868,""I45"":3136678,""I46"":6212676,""I47"":8736362,""I48"":9753968,""I49"":3497766,""I5"":135781,""I50"":10884780,""I51"":8828886,""I52"":10820886,""I53"":9896670,""I54"":2328345,""I55"":1115275,""I56"":1112661,""I57"":254914,""I58"":277055,""I59"":1636830,""I6"":230783,""I60"":459569,""I61"":1555102,""I62"":651957,""I63"":177507,""I64"":429610,""I65"":507366,""I66"":930134,""I67"":438491,""I68"":1612511,""I69"":1758470,""I7"":147262,""I70"":1334097,""I71"":940498,""I72"":913810,""I73"":582355,""I74"":533747,""I75"":833724,""I76"":481301231,""I8"":65058,""I9"":168687,""X0"":104485,""X1"":112895,""X10"":10676,""X11"":4057,""X12"":9258,""X13"":9504,""X14"":16376,""X15"":4446,""X16"":12625,""X17"":4375,""X18"":4638,""X19"":6821,""X2"":131280,""X20"":5276,""X21"":70267,""X22"":70293,""X23"":52679,""X24"":25136,""X25"":47358,""X26"":11761,""X27"":5607,""X28"":1403,""X29"":5862,""X3"":112234,""X30"":21572,""X31"":7019,""X32"":8098,""X33"":164,""X34"":99,""X35"":108,""X36"":77,""X37"":105,""X38"":53,""X39"":74,""X4"":201406,""X40"":71,""X41"":94,""X42"":124,""X43"":196,""X44"":377,""X45"":343,""X46"":818,""X47"":470,""X48"":589,""X49"":151,""X5"":55763,""X50"":441,""X51"":222,""X52"":215,""X53"":150,""X54"":25,""X55"":3,""X56"":10,""X57"":1,""X58"":1,""X59"":3,""X6"":114423,""X61"":5,""X62"":1,""X64"":1,""X65"":1,""X69"":3,""X7"":42407,""X71"":2,""X72"":2,""X73"":6,""X74"":1,""X75"":1,""X76"":357,""X8"":21511,""X9"":33692}"
80000000,139906,29206540,5431.3,pymatching-gap,22535e27769b82f9844a2577dfeaf93c1e7ff14223c21f4a9572ae13ff70cf49,"{""b"":""Y"",""c"":""e2eY-hookinj-g3-3ps1-ue17x0"",""d2"":17,""ghz_size"":3,""latter_rounds"":0,""noise"":""uniform"",""p"":0.001}","{""I0"":9768,""I1"":13401,""I10"":13917,""I11"":19863,""I12"":10070,""I13"":17910,""I14"":84000,""I15"":14773,""I16"":89981,""I17"":26237,""I18"":27610,""I19"":156184,""I2"":17403,""I20"":394247,""I21"":267433,""I22"":396180,""I23"":360259,""I24"":46094,""I25"":156718,""I26"":48051,""I27"":52083,""I28"":66649,""I29"":56881,""I3"":18243,""I30"":551699,""I31"":320188,""I32"":1259895,""I33"":1156331,""I34"":26007,""I35"":27853,""I36"":23845,""I37"":27515,""I38"":21929,""I39"":24133,""I4"":26407,""I40"":59230,""I41"":123625,""I42"":156723,""I43"":454488,""I44"":525452,""I45"":743213,""I46"":478618,""I47"":589874,""I48"":823448,""I49"":528884,""I5"":23204,""I50"":988986,""I51"":542868,""I52"":784431,""I53"":161025,""I54"":33964,""I55"":23867,""I56"":924169,""I57"":469470,""I58"":48141,""I59"":24804,""I6"":40856,""I60"":213751,""I61"":150854,""I62"":48128,""I63"":36061,""I64"":35233,""I65"":29968,""I66"":279745,""I67"":399477,""I68"":387955,""I69"":514113,""I7"":29946,""I70"":336257,""I71"":839030,""I72"":664040,""I73"":874481,""I74"":31393744,""I8"":19847,""I9"":21827,""X0"":11443,""X1"":7850,""X10"":3445,""X11"":2727,""X12"":1598,""X13"":1152,""X14"":1558,""X15"":1135,""X16"":1719,""X17"":971,""X18"":949,""X19"":3470,""X2"":9602,""X20"":13410,""X21"":4045,""X22"":5047,""X23"":5344,""X24"":564,""X25"":1613,""X26"":229,""X27"":525,""X28"":510,""X29"":804,""X3"":8066,""X30"":498,""X31"":474,""X32"":1265,""X33"":563,""X34"":30,""X35"":24,""X36"":22,""X37"":26,""X38"":24,""X39"":14,""X4"":9788,""X40"":21,""X41"":30,""X42"":45,""X43"":129,""X44"":90,""X45"":82,""X46"":60,""X47"":52,""X48"":43,""X49"":22,""X5"":8814,""X50"":37,""X51"":11,""X52"":20,""X53"":2,""X54"":1,""X56"":2,""X57"":2,""X59"":1,""X6"":11716,""X60"":1,""X66"":1,""X67"":1,""X7"":8124,""X71"":2,""X73"":2,""X74"":31,""X8"":6761,""X9"":3299}"
822122500,   1824077, 304720695, 29548.3,pymatching-gap,cirqhThandoff3q-0902,"{""b"":""HXY"",""c"":""Tcirqhandoff-hookinj-g3-3ps1_stabe7x3"",""dfinal"":7,""ghz_size"":3,""latter_rounds"":3,""noise"":""uniform"",""p"":0.001,""f"":3, ""base"":1}","{""C0"":165386,""C1"":209637,""C10"":134088,""C11"":124909,""C12"":201289,""C13"":906857,""C14"":163203,""C15"":210905,""C16"":270301,""C17"":333593,""C18"":431188,""C19"":486209,""C2"":256018,""C20"":1468010,""C21"":5752508,""C22"":2432528,""C23"":4059697,""C24"":4913137,""C25"":798814,""C26"":750335,""C27"":1905649,""C28"":680733,""C29"":2044119,""C3"":289735,""C30"":824270,""C31"":14970997,""C32"":7948782,""C33"":1301198,""C34"":560709,""C35"":532333,""C36"":856748,""C37"":696070,""C38"":1436480,""C39"":703813,""C4"":298206,""C40"":1151845,""C41"":1005076,""C42"":1048363,""C43"":2774043,""C44"":4023262,""C45"":9845284,""C46"":6857538,""C47"":10793544,""C48"":10631818,""C49"":5088329,""C5"":320521,""C50"":8077534,""C51"":9849075,""C52"":9746348,""C53"":8842543,""C54"":14418915,""C55"":1896497,""C56"":9876580,""C57"":803467,""C58"":851648,""C59"":1323939,""C6"":316075,""C60"":1147964,""C61"":1870368,""C62"":1603297,""C63"":2993780,""C64"":3709675,""C65"":2362791,""C66"":4286359,""C67"":2598460,""C68"":3498229,""C69"":4077534,""C7"":377112,""C70"":7091229,""C71"":5307832,""C72"":6695370,""C73"":4943453,""C74"":283782388,""C8"":309592,""C9"":261597,""E0"":133501,""E1"":182387,""E10"":25250,""E11"":19028,""E12"":29240,""E13"":14646,""E14"":15844,""E15"":12526,""E16"":15270,""E17"":12812,""E18"":16009,""E19"":15492,""E2"":171601,""E20"":40787,""E21"":114193,""E22"":46755,""E23"":51366,""E24"":52555,""E25"":8623,""E26"":4707,""E27"":13178,""E28"":3107,""E29"":15275,""E3"":170363,""E30"":2785,""E31"":22199,""E32"":7695,""E33"":1371,""E34"":787,""E35"":668,""E36"":775,""E37"":573,""E38"":808,""E39"":443,""E4"":132108,""E40"":544,""E41"":378,""E42"":340,""E43"":797,""E44"":835,""E45"":1078,""E46"":778,""E47"":868,""E48"":660,""E49"":334,""E5"":121341,""E50"":436,""E51"":265,""E52"":206,""E53"":166,""E54"":178,""E55"":27,""E56"":68,""E57"":13,""E58"":7,""E59"":17,""E6"":120322,""E60"":13,""E61"":14,""E62"":16,""E63"":14,""E64"":15,""E65"":16,""E66"":20,""E67"":9,""E68"":10,""E69"":5,""E7"":109778,""E70"":20,""E71"":9,""E72"":8,""E73"":9,""E74"":184,""E8"":68906,""E9"":40646}"
1000000000,    454528, 214531175, 50270.8,pymatching-gap,e4a196dc356206b152a821708690edaa8ddc1fc71b7fd9802d8b9af03b957638,"{""b"":""Y"",""c"":""e2eY-optunit-g3-3ps1_mid7x3-ue13x0-NACix0oneby10longx5"",""dfinal"":13,""f"":3,""ghz_size"":3,""latter_rounds"":0,""middle_rounds"":3,""noise"":""neutralatom"",""p"":0.001,""prep"":""optunit"",""ps3"":1}","{""I0"":23632,""I1"":60401,""I10"":73979,""I11"":270114,""I12"":72271,""I13"":59686,""I14"":69066,""I15"":63739,""I16"":68355,""I17"":81407,""I18"":103949,""I19"":103271,""I2"":61825,""I20"":112282,""I21"":138780,""I22"":178135,""I23"":206886,""I24"":234429,""I25"":304085,""I26"":718977,""I27"":1398103,""I28"":386684,""I29"":3901302,""I3"":74555,""I30"":1876986,""I31"":441134,""I32"":756863,""I33"":1013350,""I34"":1080907,""I35"":4804501,""I36"":484035,""I37"":3556203,""I38"":456513,""I39"":639204,""I4"":125282,""I40"":3038512,""I41"":525561,""I42"":980462,""I43"":563607,""I44"":767785,""I45"":632889,""I46"":766166,""I47"":666387,""I48"":1155658,""I49"":707700,""I5"":291276,""I50"":1012911,""I51"":1384743,""I52"":904203,""I53"":1055404,""I54"":2358192,""I55"":4259217,""I56"":3955134,""I57"":2718282,""I58"":7751262,""I59"":8147900,""I6"":64480,""I60"":7031758,""I61"":10969270,""I62"":7950399,""I63"":7933238,""I64"":7200738,""I65"":3124159,""I66"":8048465,""I67"":9037419,""I68"":3591719,""I69"":8219950,""I7"":77861,""I70"":7887018,""I71"":3510505,""I72"":3838707,""I73"":1933493,""I74"":5755497,""I75"":4385243,""I76"":4795832,""I77"":6301444,""I78"":4385374,""I79"":6173601,""I8"":83388,""I80"":4513902,""I81"":7099405,""I82"":5399371,""I83"":8226831,""I84"":4339039,""I85"":8287808,""I86"":5385273,""I87"":9478430,""I88"":10939763,""I89"":3440817,""I9"":272475,""I90"":7190089,""I91"":4161493,""I92"":516335901,""X0"":20457,""X1"":48140,""X10"":10956,""X11"":7191,""X12"":8287,""X13"":4699,""X14"":5752,""X15"":4764,""X16"":5431,""X17"":5270,""X18"":6768,""X19"":5892,""X2"":41687,""X20"":4101,""X21"":4481,""X22"":4426,""X23"":5066,""X24"":4914,""X25"":4417,""X26"":6151,""X27"":8188,""X28"":2979,""X29"":15859,""X3"":43015,""X30"":4891,""X31"":1380,""X32"":2444,""X33"":1722,""X34"":1524,""X35"":4905,""X36"":602,""X37"":1459,""X38"":425,""X39"":344,""X4"":49000,""X40"":1017,""X41"":302,""X42"":222,""X43"":245,""X44"":196,""X45"":236,""X46"":184,""X47"":889,""X48"":177,""X49"":110,""X5"":31198,""X50"":125,""X51"":131,""X52"":168,""X53"":623,""X54"":109,""X55"":125,""X56"":144,""X57"":76,""X58"":99,""X59"":119,""X6"":20821,""X60"":77,""X61"":67,""X62"":41,""X63"":35,""X64"":27,""X65"":16,""X66"":39,""X67"":17,""X68"":11,""X69"":8,""X7"":22480,""X70"":12,""X71"":9,""X72"":9,""X73"":3,""X74"":9,""X75"":6,""X76"":3,""X77"":7,""X78"":7,""X79"":7,""X8"":16128,""X80"":3,""X81"":4,""X82"":2,""X83"":3,""X85"":2,""X86"":3,""X87"":4,""X88"":1,""X9"":10492,""X90"":2,""X91"":2,""X92"":89}"
428858751348, 115290564,298647922043,15767070.0,pymatching-gap,697e4e34cc0ff0bc9a4662f815951af0dab33622dc3d219ec1b415484686263d,"{""b"":""Y"",""c"":""e2e-Y-hookinj-220-stabe13x3"",""dfinal"":13,""f"":5,""ghz_size"":3,""latter_rounds"":3,""noise"":""uniform"",""p"":0.001, ""base"":1}","{""I0"":7911140,""I1"":17996046,""I10"":14512385,""I100"":1154795805,""I101"":1151203376,""I102"":1232604371,""I103"":1768374851,""I104"":1686817335,""I105"":2298399524,""I106"":1776791583,""I107"":1092766551,""I108"":3440864675,""I109"":4633399246,""I11"":12968155,""I110"":6143098101,""I111"":2331090247,""I112"":3548911944,""I113"":1150747527,""I114"":1807113632,""I115"":1324264357,""I116"":1028969576,""I117"":903162918,""I118"":1516150718,""I119"":696472128,""I12"":19022072,""I120"":568256710,""I121"":1139157956,""I122"":380858801,""I123"":1264086133,""I124"":377075151,""I125"":533893297,""I126"":805154144,""I127"":437869668,""I128"":957166558,""I129"":817340851,""I13"":13694589,""I130"":626113875,""I131"":762956620,""I132"":43038094143,""I14"":14751072,""I15"":18703969,""I16"":20445944,""I17"":19600775,""I18"":19960629,""I19"":21463818,""I2"":19235686,""I20"":30807495,""I21"":54898349,""I22"":48124591,""I23"":72549859,""I24"":59667626,""I25"":81881259,""I26"":87954227,""I27"":87793321,""I28"":125145011,""I29"":131116731,""I3"":15864632,""I30"":69569738,""I31"":55492496,""I32"":84023288,""I33"":132301183,""I34"":84800692,""I35"":129424538,""I36"":53418983,""I37"":55279588,""I38"":61232653,""I39"":83542597,""I4"":15993339,""I40"":63100792,""I41"":105076780,""I42"":96663855,""I43"":90242399,""I44"":109590137,""I45"":122594585,""I46"":135639214,""I47"":181216163,""I48"":171767574,""I49"":178538275,""I5"":14127711,""I50"":215181775,""I51"":306333091,""I52"":308780218,""I53"":219393829,""I54"":444285982,""I55"":518995310,""I56"":730191059,""I57"":699065751,""I58"":639478096,""I59"":344904762,""I6"":22546267,""I60"":422644070,""I61"":367742370,""I62"":301249550,""I63"":198238045,""I64"":294018206,""I65"":247271918,""I66"":583303081,""I67"":251124869,""I68"":182640670,""I69"":283337019,""I7"":21884812,""I70"":520140662,""I71"":417572282,""I72"":181680669,""I73"":251964803,""I74"":1533113266,""I75"":242637395,""I76"":892769710,""I77"":2282261200,""I78"":1736891039,""I79"":2334405142,""I8"":16168193,""I80"":800120222,""I81"":1466798788,""I82"":3294689946,""I83"":1125951465,""I84"":1933647916,""I85"":883990035,""I86"":834472336,""I87"":644840062,""I88"":406499612,""I89"":365379582,""I9"":13423008,""I90"":714439086,""I91"":342576873,""I92"":539890531,""I93"":300532687,""I94"":306446598,""I95"":329793154,""I96"":330995615,""I97"":276959244,""I98"":551608429,""I99"":1116540108,""X0"":5987382,""X1"":11709273,""X10"":3630860,""X100"":26,""X101"":25,""X102"":30,""X103"":39,""X104"":31,""X105"":72,""X106"":38,""X107"":28,""X108"":37,""X109"":32,""X11"":2623015,""X110"":16,""X111"":8,""X112"":9,""X113"":1,""X114"":5,""X115"":1,""X117"":1,""X118"":5,""X12"":2847870,""X120"":1,""X123"":2,""X124"":1,""X126"":1,""X13"":2508749,""X132"":4,""X14"":2434590,""X15"":1851618,""X16"":4010888,""X17"":1593775,""X18"":1652944,""X19"":1371665,""X2"":9310656,""X20"":3025812,""X21"":2999410,""X22"":1588628,""X23"":1914503,""X24"":1346613,""X25"":1675194,""X26"":1928405,""X27"":1502324,""X28"":1623138,""X29"":1584923,""X3"":6517708,""X30"":803981,""X31"":576689,""X32"":770042,""X33"":720695,""X34"":432966,""X35"":325195,""X36"":267790,""X37"":325329,""X38"":236391,""X39"":253915,""X4"":6087191,""X40"":173355,""X41"":189085,""X42"":257721,""X43"":203556,""X44"":191645,""X45"":195665,""X46"":169492,""X47"":195477,""X48"":184367,""X49"":201681,""X5"":6689000,""X50"":127036,""X51"":173638,""X52"":114596,""X53"":90176,""X54"":98153,""X55"":93555,""X56"":95430,""X57"":53677,""X58"":40750,""X59"":40766,""X6"":5498533,""X60"":38432,""X61"":26116,""X62"":28482,""X63"":21079,""X64"":25730,""X65"":13816,""X66"":13384,""X67"":7763,""X68"":10508,""X69"":8142,""X7"":4850552,""X70"":19875,""X71"":6874,""X72"":8332,""X73"":6180,""X74"":11596,""X75"":5105,""X76"":10544,""X77"":10695,""X78"":5824,""X79"":6415,""X8"":3581225,""X80"":3602,""X81"":4876,""X82"":6276,""X83"":2337,""X84"":1747,""X85"":922,""X86"":865,""X87"":556,""X88"":209,""X89"":218,""X9"":3432777,""X90"":629,""X91"":156,""X92"":422,""X93"":84,""X94"":65,""X95"":54,""X96"":48,""X97"":86,""X98"":29,""X99"":43}"
2160567523716,   2967019,1837421759803,48220307.3,pymatching-gap,52e1ea291c06ce6d7724d5c435cebd9a2bfc80c032e100135af47a713c4702cc,"{""b"":""Y"",""c"":""e2e-Y-hookinj-221-stabe13x3"",""dfinal"":13,""f"":5,""ghz_size"":3,""latter_rounds"":3,""noise"":""uniform"",""p"":0.001}","{""I0"":101199,""I1"":320348,""I10"":663437,""I100"":448859314,""I101"":4100765059,""I102"":418314608,""I103"":1223243128,""I104"":1348411700,""I105"":445338071,""I106"":1454277519,""I107"":1032967073,""I108"":426041783,""I109"":1861223089,""I11"":472936,""I110"":928038496,""I111"":1004359334,""I112"":1987357671,""I113"":924189927,""I114"":2716892214,""I115"":4182923918,""I116"":6401408804,""I117"":4409622599,""I118"":2962866041,""I119"":2903345640,""I12"":488183,""I120"":1830893119,""I121"":7328196075,""I122"":6648023722,""I123"":2753293238,""I124"":2828700243,""I125"":6082365556,""I126"":9074628045,""I127"":4781057050,""I128"":4302701735,""I129"":2859116821,""I13"":969472,""I130"":2344241049,""I131"":3428009076,""I132"":3245438706,""I133"":3776197337,""I134"":1709898835,""I135"":4039593548,""I136"":1394714909,""I137"":1586343362,""I138"":3303901562,""I139"":3480821522,""I14"":650977,""I140"":2784077628,""I141"":2955665759,""I142"":4003401710,""I143"":3327369763,""I144"":2872398531,""I145"":2068455306,""I146"":2066714169,""I147"":4025679646,""I148"":158741867769,""I15"":736883,""I16"":742981,""I17"":731727,""I18"":1017862,""I19"":820565,""I2"":470035,""I20"":1724245,""I21"":1356382,""I22"":2872929,""I23"":9060158,""I24"":1848361,""I25"":4790653,""I26"":1962611,""I27"":3822006,""I28"":7319711,""I29"":3633843,""I3"":526252,""I30"":12921142,""I31"":4536071,""I32"":3364576,""I33"":6330591,""I34"":13440270,""I35"":33159757,""I36"":6343572,""I37"":6478284,""I38"":9825276,""I39"":9641671,""I4"":532414,""I40"":10164279,""I41"":8358473,""I42"":15740276,""I43"":6414659,""I44"":7857585,""I45"":9437923,""I46"":9196054,""I47"":12500677,""I48"":9740494,""I49"":24780757,""I5"":395012,""I50"":23334831,""I51"":37835481,""I52"":18156364,""I53"":37761257,""I54"":39738962,""I55"":36306294,""I56"":79216468,""I57"":64013510,""I58"":53322572,""I59"":55582515,""I6"":386604,""I60"":71252768,""I61"":99568530,""I62"":130695196,""I63"":104926991,""I64"":80188879,""I65"":71045011,""I66"":112717382,""I67"":114403001,""I68"":136446348,""I69"":124232833,""I7"":861741,""I70"":237615955,""I71"":100750718,""I72"":254173123,""I73"":167500598,""I74"":139356368,""I75"":77939391,""I76"":125045958,""I77"":102000436,""I78"":114350295,""I79"":147304697,""I8"":541632,""I80"":135391077,""I81"":169863218,""I82"":127758577,""I83"":193029006,""I84"":244568918,""I85"":1600172310,""I86"":249702788,""I87"":1743857635,""I88"":291682163,""I89"":4075800272,""I9"":1247796,""I90"":897666793,""I91"":1052358058,""I92"":339638530,""I93"":796602786,""I94"":1060380019,""I95"":609742199,""I96"":1833847809,""I97"":1457941035,""I98"":1781889953,""I99"":428607895,""X0"":100036,""X1"":241163,""X10"":123197,""X100"":3,""X101"":39,""X102"":3,""X103"":23,""X104"":6,""X105"":1,""X106"":5,""X107"":9,""X108"":2,""X109"":11,""X11"":64452,""X112"":4,""X114"":1,""X115"":2,""X116"":1,""X118"":2,""X12"":49107,""X121"":1,""X122"":1,""X125"":2,""X126"":5,""X128"":1,""X13"":43476,""X130"":1,""X132"":1,""X133"":1,""X135"":3,""X137"":1,""X139"":2,""X14"":47424,""X144"":1,""X145"":1,""X147"":1,""X148"":26,""X15"":43687,""X16"":36643,""X17"":30048,""X18"":35214,""X19"":21211,""X2"":354462,""X20"":20950,""X21"":22454,""X22"":30588,""X23"":78351,""X24"":18907,""X25"":33366,""X26"":12557,""X27"":19975,""X28"":24349,""X29"":13366,""X3"":356128,""X30"":47027,""X31"":14982,""X32"":6697,""X33"":9382,""X34"":22820,""X35"":33609,""X36"":12371,""X37"":7889,""X38"":9095,""X39"":3187,""X4"":284546,""X40"":4104,""X41"":2578,""X42"":7608,""X43"":1496,""X44"":1399,""X45"":1209,""X46"":1196,""X47"":1096,""X48"":865,""X49"":1292,""X5"":148360,""X50"":2652,""X51"":1526,""X52"":679,""X53"":1513,""X54"":869,""X55"":937,""X56"":1282,""X57"":957,""X58"":697,""X59"":496,""X6"":113520,""X60"":618,""X61"":787,""X62"":812,""X63"":512,""X64"":339,""X65"":262,""X66"":363,""X67"":350,""X68"":369,""X69"":264,""X7"":116067,""X70"":164,""X71"":128,""X72"":111,""X73"":154,""X74"":166,""X75"":54,""X76"":73,""X77"":43,""X78"":32,""X79"":36,""X8"":124576,""X80"":42,""X81"":39,""X82"":19,""X83"":23,""X84"":27,""X85"":101,""X86"":20,""X87"":69,""X88"":21,""X89"":140,""X9"":150832,""X90"":30,""X91"":29,""X92"":10,""X93"":25,""X94"":23,""X95"":12,""X96"":29,""X97"":16,""X98"":21,""X99"":4}"
1259256063768, 264380858,972849345266,36317275.9,pymatching-gap,39f3131ef4e418f04ffe7e6e8a553ff3909ff9dc14d24594f360728bb2f4b916,"{""b"":""Y"",""c"":""e2e-Y-hookinj-320-stabe13x3"",""dfinal"":13,""f"":5,""ghz_size"":3,""latter_rounds"":3,""noise"":""uniform"",""p"":0.001}","{""I0"":17040121,""I1"":41539873,""I10"":32479949,""I100"":2537196117,""I101"":2540290635,""I102"":2696797429,""I103"":3884331646,""I104"":3707184690,""I105"":4956436482,""I106"":4011196609,""I107"":2403313750,""I108"":7557563033,""I109"":10176368033,""I11"":29585864,""I110"":13250000008,""I111"":5369446802,""I112"":7796773404,""I113"":2527905815,""I114"":3970679852,""I115"":2909755674,""I116"":2260679489,""I117"":1984326858,""I118"":3331026576,""I119"":1530071480,""I12"":38896602,""I120"":1248305185,""I121"":2502959443,""I122"":836750447,""I123"":2777401146,""I124"":828478755,""I125"":1173007956,""I126"":1769052921,""I127"":962040679,""I128"":2103060525,""I129"":1796123151,""I13"":30777477,""I130"":1375616082,""I131"":1676250228,""I132"":94558876346,""I14"":33892032,""I15"":40884376,""I16"":44180472,""I17"":43118100,""I18"":39759105,""I19"":51029383,""I2"":39805776,""I20"":72719671,""I21"":129340004,""I22"":109728051,""I23"":155640930,""I24"":134568999,""I25"":182537685,""I26"":200802512,""I27"":196578209,""I28"":284585171,""I29"":279498379,""I3"":35575899,""I30"":162112620,""I31"":119524575,""I32"":183121800,""I33"":382524971,""I34"":196675152,""I35"":222456370,""I36"":117574233,""I37"":119120299,""I38"":133763088,""I39"":175808640,""I4"":34251711,""I40"":145501429,""I41"":324256839,""I42"":220199476,""I43"":204457371,""I44"":241433889,""I45"":276799386,""I46"":297161750,""I47"":496933326,""I48"":397250559,""I49"":413120814,""I5"":32585374,""I50"":458491657,""I51"":754241146,""I52"":568310323,""I53"":487781978,""I54"":842367783,""I55"":1160218110,""I56"":1583423783,""I57"":1842165190,""I58"":1107839349,""I59"":745726503,""I6"":49345349,""I60"":887889683,""I61"":793786587,""I62"":602250409,""I63"":455055303,""I64"":700940502,""I65"":473133462,""I66"":1215313166,""I67"":965905764,""I68"":409838902,""I69"":1045763834,""I7"":54881936,""I70"":1134230839,""I71"":613671143,""I72"":396587307,""I73"":556876357,""I74"":3333160382,""I75"":534685670,""I76"":1956246637,""I77"":4653394464,""I78"":4104333835,""I79"":4991295466,""I8"":36004482,""I80"":1755517390,""I81"":3222365461,""I82"":7264455738,""I83"":2515291731,""I84"":4201215204,""I85"":1936449396,""I86"":1830702081,""I87"":1409612017,""I88"":899968088,""I89"":819315259,""I9"":30389107,""I90"":1583814038,""I91"":752089420,""I92"":1174556572,""I93"":659272574,""I94"":674299703,""I95"":725717025,""I96"":726303451,""I97"":609365733,""I98"":1217809118,""I99"":2448205679,""X0"":12770429,""X1"":26658032,""X10"":7460458,""X100"":70,""X101"":65,""X102"":76,""X103"":64,""X104"":101,""X105"":102,""X106"":183,""X107"":35,""X108"":135,""X109"":56,""X11"":5979927,""X110"":54,""X111"":19,""X112"":14,""X113"":4,""X114"":10,""X115"":2,""X116"":3,""X117"":3,""X118"":3,""X119"":4,""X12"":7841110,""X121"":2,""X122"":1,""X126"":2,""X13"":5460778,""X130"":1,""X132"":10,""X14"":4775841,""X15"":3982706,""X16"":7388299,""X17"":3963279,""X18"":3827313,""X19"":3005510,""X2"":22563665,""X20"":6755893,""X21"":7628524,""X22"":3575933,""X23"":4287811,""X24"":3008056,""X25"":3830133,""X26"":4526820,""X27"":3359127,""X28"":3761908,""X29"":4005875,""X3"":14466942,""X30"":1921610,""X31"":1250689,""X32"":1690216,""X33"":1607226,""X34"":1103816,""X35"":765360,""X36"":609526,""X37"":671159,""X38"":503270,""X39"":581422,""X4"":14174552,""X40"":408643,""X41"":468239,""X42"":556939,""X43"":426694,""X44"":423900,""X45"":457351,""X46"":378276,""X47"":461029,""X48"":417318,""X49"":459237,""X5"":14080454,""X50"":297218,""X51"":366181,""X52"":260086,""X53"":214507,""X54"":216069,""X55"":243816,""X56"":218765,""X57"":132983,""X58"":100748,""X59"":89639,""X6"":13995203,""X60"":94178,""X61"":61513,""X62"":64582,""X63"":44723,""X64"":56130,""X65"":29262,""X66"":36144,""X67"":24631,""X68"":26848,""X69"":19419,""X7"":11978136,""X70"":32482,""X71"":16116,""X72"":15658,""X73"":13401,""X74"":29996,""X75"":12085,""X76"":22602,""X77"":24534,""X78"":12500,""X79"":14706,""X8"":8685369,""X80"":10336,""X81"":11633,""X82"":18448,""X83"":4893,""X84"":4087,""X85"":1931,""X86"":1768,""X87"":1381,""X88"":564,""X89"":688,""X9"":8569009,""X90"":1563,""X91"":311,""X92"":787,""X93"":152,""X94"":164,""X95"":145,""X96"":111,""X97"":167,""X98"":73,""X99"":103}"
1016469749176,   1047865,902084096936,17036000.3,pymatching-gap,1bb97a47a57b1fd742f011c45ca7600221d03278cc95548f68b54a17b43c760d,"{""b"":""Y"",""c"":""e2e-Y-hookinj-321-stabe13x3"",""dfinal"":13,""f"":5,""ghz_size"":3,""latter_rounds"":3,""noise"":""uniform"",""p"":0.001}","{""I0"":35656,""I1"":112875,""I10"":234342,""I100"":158899647,""I101"":1451582363,""I102"":148057444,""I103"":433006288,""I104"":477259386,""I105"":157636879,""I106"":514781614,""I107"":365653649,""I108"":150829053,""I109"":658803494,""I11"":167678,""I110"":328495409,""I111"":355508344,""I112"":703458483,""I113"":327149708,""I114"":961747521,""I115"":1480706782,""I116"":2265995198,""I117"":1560914916,""I118"":1048819513,""I119"":1027653459,""I12"":173539,""I120"":648095461,""I121"":2593987755,""I122"":2353110602,""I123"":974555613,""I124"":1001283536,""I125"":2153017665,""I126"":3212209848,""I127"":1692394571,""I128"":1523088197,""I129"":1012113033,""I13"":343307,""I130"":829813175,""I131"":1213447199,""I132"":1148780407,""I133"":1336710455,""I134"":605263346,""I135"":1429904664,""I136"":493673383,""I137"":561585325,""I138"":1169463732,""I139"":1232105860,""I14"":230160,""I140"":985466153,""I141"":1046213306,""I142"":1417121849,""I143"":1177821287,""I144"":1016739617,""I145"":732176538,""I146"":731499763,""I147"":1425019021,""I148"":56190839532,""I15"":260722,""I16"":262917,""I17"":258485,""I18"":361192,""I19"":289789,""I2"":166898,""I20"":609872,""I21"":479836,""I22"":1017512,""I23"":3205144,""I24"":654023,""I25"":1695829,""I26"":694870,""I27"":1352666,""I28"":2584700,""I29"":1284828,""I3"":186402,""I30"":4565045,""I31"":1607432,""I32"":1189770,""I33"":2238867,""I34"":4755378,""I35"":11737556,""I36"":2246258,""I37"":2292394,""I38"":3475318,""I39"":3413597,""I4"":189152,""I40"":3591524,""I41"":2963453,""I42"":5574818,""I43"":2272100,""I44"":2782290,""I45"":3338798,""I46"":3253263,""I47"":4422998,""I48"":3449698,""I49"":8768810,""I5"":140193,""I50"":8255509,""I51"":13396018,""I52"":6428265,""I53"":13363670,""I54"":14064921,""I55"":12850924,""I56"":28045801,""I57"":22663787,""I58"":18877508,""I59"":19672540,""I6"":136864,""I60"":25222503,""I61"":35249719,""I62"":46256585,""I63"":37145049,""I64"":28393475,""I65"":25155744,""I66"":39893304,""I67"":40487058,""I68"":48303668,""I69"":43968380,""I7"":305125,""I70"":84123427,""I71"":35659804,""I72"":89956306,""I73"":59296584,""I74"":49323014,""I75"":27600125,""I76"":44261469,""I77"":36111271,""I78"":40479783,""I79"":52137039,""I8"":192379,""I80"":47912185,""I81"":60142965,""I82"":45231086,""I83"":68325490,""I84"":86561806,""I85"":566391842,""I86"":88383299,""I87"":617274413,""I88"":103255928,""I89"":1442769892,""I9"":441863,""I90"":317748251,""I91"":372487907,""I92"":120213264,""I93"":282010132,""I94"":375295978,""I95"":215815346,""I96"":649115183,""I97"":516055072,""I98"":630776072,""I99"":151726786,""X0"":35335,""X1"":85007,""X10"":43509,""X100"":1,""X101"":14,""X103"":2,""X104"":2,""X105"":2,""X107"":2,""X109"":10,""X11"":22788,""X111"":1,""X112"":1,""X114"":1,""X115"":1,""X119"":1,""X12"":17418,""X121"":2,""X126"":1,""X129"":1,""X13"":15044,""X14"":16715,""X143"":1,""X148"":10,""X15"":15725,""X16"":12649,""X17"":10407,""X18"":12633,""X19"":7532,""X2"":125134,""X20"":7359,""X21"":7780,""X22"":10763,""X23"":27896,""X24"":6748,""X25"":11921,""X26"":4346,""X27"":6964,""X28"":8826,""X29"":4716,""X3"":126341,""X30"":16187,""X31"":4947,""X32"":2342,""X33"":3324,""X34"":7995,""X35"":11804,""X36"":4491,""X37"":2612,""X38"":3360,""X39"":1127,""X4"":100789,""X40"":1402,""X41"":894,""X42"":2737,""X43"":542,""X44"":513,""X45"":426,""X46"":415,""X47"":408,""X48"":330,""X49"":455,""X5"":52453,""X50"":960,""X51"":516,""X52"":188,""X53"":542,""X54"":302,""X55"":357,""X56"":400,""X57"":328,""X58"":251,""X59"":192,""X6"":40106,""X60"":193,""X61"":273,""X62"":252,""X63"":174,""X64"":113,""X65"":113,""X66"":106,""X67"":93,""X68"":124,""X69"":80,""X7"":40983,""X70"":57,""X71"":48,""X72"":41,""X73"":77,""X74"":47,""X75"":25,""X76"":27,""X77"":12,""X78"":18,""X79"":10,""X8"":44222,""X80"":6,""X81"":6,""X82"":4,""X83"":10,""X84"":9,""X85"":37,""X86"":4,""X87"":19,""X88"":9,""X89"":58,""X9"":53241,""X90"":11,""X91"":10,""X92"":5,""X93"":12,""X94"":6,""X96"":7,""X97"":10,""X98"":7,""X99"":2}"
